folder_name,pdf_file_size_kb,md_file_size_kb,md_line_count,md_character_count,jpeg_count_in_images_folder
document_1020,95.49609375,7.083984375,219,7248,1
document_904,234.37890625,32.9326171875,194,33723,2
document_138,357.68359375,56.5380859375,218,57895,0
document_597,484.638671875,5.322265625,124,5450,1
document_107,251.66796875,13.3759765625,112,13697,2
document_751,5982.708984375,12.37109375,277,12666,9
document_95,8357.4287109375,35.396484375,159,36244,1
document_563,105.736328125,11.205078125,310,11468,2
document_769,6097.7021484375,358.0068359375,5326,366524,26
document_59,291.904296875,14.5888671875,150,14939,1
document_1027,95.5166015625,7.1064453125,192,7271,1
document_564,90.3232421875,6.6259765625,186,6779,1
document_756,1399.0751953125,45.17578125,347,46259,2
document_92,610.775390625,42.17578125,143,43184,2
document_332,652.60546875,21.3154296875,172,21827,1
document_100,153.6162109375,10.0146484375,142,10249,0
document_66,245.84765625,8.9091796875,269,9120,2
document_5,4719.2373046875,32.4921875,380,33272,1
document_935,1244.6025390625,8.0,151,8173,2
document_109,1417.8427734375,62.197265625,125,63690,3
document_599,351.451171875,52.6728515625,213,53937,0
document_304,781.7373046875,7.158203125,271,7317,5
document_136,1417.8427734375,56.2470703125,750,57597,3
document_552,132.5048828125,4.033203125,139,4130,1
document_760,136.5498046875,3.0791015625,61,3153,3
document_50,3022.603515625,18.76171875,235,19212,4
document_794,1888.2021484375,20.2373046875,173,20723,2
document_1016,105.736328125,11.294921875,315,11560,2
document_2,7376.287109375,66.2373046875,408,67825,1
document_932,10630.50390625,85.083984375,1491,87004,14
document_758,186.8623046875,5.98828125,207,6129,3
document_1029,130.05859375,15.9140625,445,16288,2
document_57,291.904296875,14.626953125,150,14978,1
document_793,336.6796875,3.0380859375,90,3111,0
document_767,6097.7021484375,396.8359375,5346,406285,27
document_555,377.28515625,45.8056640625,267,46905,1
document_303,1890.8662109375,18.36328125,531,18804,1
document_191,607.8203125,2.5048828125,92,2565,2
document_501,775.7607421875,30.3037109375,420,31031,1
document_733,211.708984375,2.4228515625,71,2481,1
document_1089,155.2763671875,9.361328125,259,9582,5
document_357,239.443359375,10.556640625,307,10807,2
document_959,2659.072265625,4.13671875,133,4236,3
document_992,943.3154296875,2.7119140625,110,2777,0
document_1042,778.740234375,3.5634765625,137,3649,0
document_368,240.7607421875,3.146484375,74,3222,1
document_162,356.31640625,9.306640625,164,9530,4
document_350,667.25,7.630859375,253,7811,1
document_734,183.0341796875,1.8447265625,31,1887,0
document_506,4899.6142578125,138.49609375,3957,141724,56
document_539,384.6728515625,55.7802734375,215,57119,0
document_961,518.890625,49.970703125,198,51170,0
document_1045,87.2177734375,48.2958984375,285,49454,1
document_995,2665.5380859375,72.1044921875,1912,73835,22
document_530,5807.61328125,39.97265625,1072,40883,15
document_154,4228.3720703125,44.4462890625,5103,45510,10
document_968,253.0732421875,79.02734375,434,80919,1
document_366,361.3798828125,3.6630859375,124,3751,3
document_392,194.3193359375,17.6201171875,218,18043,0
document_1087,541.3876953125,9.66796875,252,9897,7
document_359,229.4873046875,12.60546875,110,12908,0
document_957,145.32421875,7.615234375,92,7797,0
document_1073,2772.1201171875,36.169921875,210,37037,3
document_395,282.0546875,30.9111328125,156,31652,0
document_153,4516.015625,38.482421875,228,39405,4
document_537,117.1171875,35.416015625,202,36266,1
document_198,89.099609375,18.3515625,343,18790,0
document_508,3845.517578125,99.1865234375,2483,101483,36
document_1080,289.0234375,34.9697265625,176,35808,0
document_3,7376.287109375,66.1689453125,409,67755,1
document_933,2538.634765625,34.3505859375,776,35136,14
document_759,576.9326171875,28.892578125,117,29585,0
document_69,355.2822265625,13.6767578125,402,14002,3
document_1017,118.798828125,28.8125,178,29504,0
document_554,132.5048828125,3.904296875,137,3998,1
document_766,6097.7021484375,388.80078125,5406,398055,27
document_130,1417.8427734375,6.85546875,170,7020,3
document_1028,108.95703125,13.2158203125,343,13527,2
document_4,7376.287109375,66.294921875,410,67884,2
document_108,347.5947265625,35.2958984375,158,36141,0
document_934,1245.1357421875,7.7412109375,156,7906,1
document_51,322.5224609375,57.1923828125,443,58559,5
document_795,1440.2080078125,5.6435546875,107,5779,3
document_137,761.0234375,57.2080078125,330,58581,3
document_305,633.4365234375,4.9404296875,172,5046,3
document_761,1244.63671875,41.2451171875,333,42234,0
document_553,377.28515625,45.783203125,268,46882,1
document_58,702.0771484375,9.744140625,110,9978,2
document_1026,112.611328125,9.375,267,9594,2
document_768,6097.7021484375,326.3427734375,5326,334098,26
document_67,261.2607421875,48.7919921875,239,49960,1
document_591,383.7783203125,3.130859375,84,3206,1
document_565,95.49609375,7.2998046875,226,7469,1
document_101,64.9599609375,8.396484375,210,8598,2
document_333,217.5146484375,9.92578125,282,10164,7
document_139,357.68359375,56.5361328125,217,57893,0
document_905,139.0712890625,3.8505859375,153,3943,1
document_1021,105.736328125,11.0947265625,321,11355,2
document_334,652.60546875,21.2275390625,170,21737,1
document_562,105.736328125,11.216796875,318,11480,2
document_750,5982.708984375,13.455078125,309,13764,9
document_94,275.2509765625,12.5107421875,237,12811,2
document_596,511.263671875,30.244140625,115,30970,2
document_60,401.078125,6.0126953125,194,6155,1
document_152,241.345703125,36.1337890625,150,37001,0
document_360,2675.7939453125,11.748046875,190,12030,1
document_704,963.2421875,1.1572265625,32,1185,1
document_536,5807.61328125,39.09375,1063,39994,15
document_509,1443.2138671875,40.7783203125,1172,41725,11
document_951,450.3037109375,86.458984375,150,88533,1
document_1075,83.12109375,35.466796875,201,36318,0
document_393,194.3193359375,17.6201171875,218,18043,0
document_531,164.8564453125,23.734375,136,24304,0
document_703,588.0859375,44.5390625,247,45608,0
document_367,2671.0166015625,9.2294921875,193,9451,0
document_969,6282.7744140625,12.1689453125,288,12461,12
document_1072,334.107421875,6.8720703125,204,7024,5
document_956,798.1767578125,7.7802734375,204,7967,3
document_1086,881.5537109375,39.759765625,215,40713,2
document_197,1640.7314453125,9.076171875,59,9294,0
document_163,13426.4951171875,36.9248046875,1073,37699,6
document_507,6173.0712890625,194.6884765625,4572,199289,49
document_994,1523.3330078125,38.205078125,247,39121,3
document_538,318.8388671875,11.7724609375,283,12023,2
document_960,547.818359375,28.326171875,168,29005,1
document_732,497.611328125,7.5166015625,278,7683,5
document_500,38.0166015625,0.373046875,16,381,0
document_958,265.1708984375,8.126953125,109,8322,1
document_164,356.31640625,9.654296875,244,9886,4
document_1088,5452.3173828125,48.8349609375,253,50000,1
document_356,221.8515625,7.1123046875,225,7280,1
document_190,78.51953125,5.87109375,139,6010,1
document_967,6268.5703125,12.072265625,264,12360,9
document_1131,394.9169921875,22.4287109375,141,22967,0
document_815,70.5107421875,3.177734375,128,3241,0
document_486,502.947265625,8.794921875,383,8993,3
document_640,1685.86328125,11.1884765625,265,11452,7
document_472,499.73046875,8.1474609375,287,8330,4
document_812,829.31640625,58.2451171875,390,59643,1
document_1136,1277.3759765625,3.0859375,99,3160,0
document_475,480.3447265625,7.61328125,251,7796,0
document_647,332.798828125,41.7705078125,158,42771,0
document_223,520.404296875,35.068359375,132,35910,0
document_481,502.6689453125,8.0498046875,299,8216,4
document_1100,539.3017578125,7.2255859375,189,7398,3
document_488,256.599609375,5.6787109375,63,5805,0
document_215,142.4619140625,70.8984375,498,72600,1
document_443,658.521484375,42.591796875,172,43614,0
document_671,492.78125,5.751953125,210,5876,3
document_685,710.6728515625,9.4521484375,275,9676,1
document_1107,515.30859375,7.8876953125,198,8074,5
document_823,345.69921875,28.4033203125,131,29084,1
document_649,332.798828125,41.7705078125,158,42771,0
document_1138,405.4892578125,10.984375,218,11248,3
document_682,492.935546875,6.2119140625,207,6336,3
document_676,492.7763671875,6.2685546875,205,6406,4
document_212,143.9560546875,47.9384765625,359,49089,2
document_410,348.8046875,8.4853515625,84,8689,0
document_246,774.240234375,5.3115234375,218,5439,1
document_848,486.7734375,9.802734375,239,10037,4
document_1153,705.564453125,6.7734375,216,6935,3
document_279,760.841796875,5.9677734375,255,6098,3
document_241,742.9345703125,6.662109375,212,6809,6
document_625,678.94921875,32.3583984375,150,33134,3
document_417,1899.208984375,29.2822265625,680,29983,8
document_428,361.1728515625,13.12890625,142,13444,1
document_1154,339.6142578125,5.4140625,136,5544,1
document_613,1777.369140625,11.27734375,334,11545,1
document_421,306.8564453125,36.93359375,202,37820,1
document_283,708.0380859375,5.6796875,210,5803,3
document_248,823.5712890625,34.935546875,237,35761,3
document_846,486.7734375,9.8154296875,247,10051,4
document_284,480.18359375,11.0693359375,259,11266,4
document_270,412.10546875,4.4765625,122,4584,1
document_426,690.21484375,35.806640625,256,36665,1
document_614,1076.5908203125,5.51171875,114,5644,3
document_1165,1589.24609375,35.228515625,1594,36061,5
document_841,232.5498046875,7.306640625,186,7478,4
document_822,800.3369140625,6.2265625,224,6371,4
document_648,1729.2763671875,11.1572265625,249,11418,7
document_1106,515.1630859375,7.83203125,197,8016,5
document_445,658.521484375,42.6943359375,164,43719,0
document_677,493.7998046875,6.9326171875,222,7086,4
document_683,490.1650390625,7.880859375,272,8057,3
document_1101,541.7451171875,8.462890625,219,8662,6
document_825,345.69921875,28.166015625,132,28841,1
document_684,11317.3759765625,34.908203125,249,35746,3
document_214,143.9560546875,62.75,445,64256,2
document_442,913.5888671875,9.8603515625,246,10067,3
document_1137,1277.3759765625,3.0859375,99,3160,0
document_813,70.5107421875,3.177734375,128,3241,0
document_679,492.8369140625,6.642578125,208,6789,3
document_1108,566.0830078125,43.96484375,345,45020,0
document_480,499.1474609375,10.26171875,406,10495,4
document_646,1729.2763671875,11.5537109375,274,11823,7
document_222,155.740234375,9.22265625,64,9444,1
document_814,383.171875,7.583984375,134,7764,3
document_1130,1398.5341796875,6.505859375,183,6662,2
document_225,520.404296875,35.078125,132,35920,0
document_641,41.572265625,1.68359375,31,1724,0
document_487,1376.904296875,6.072265625,67,6218,1
document_271,756.4892578125,8.0,272,8178,5
document_615,3772.134765625,11.921875,359,12148,5
document_427,552.06640625,5.609375,170,5742,1
document_285,672.896484375,5.2060546875,181,5331,2
document_418,656.9296875,11.4189453125,242,11691,6
document_840,232.5498046875,7.5166015625,193,7693,4
document_1164,372.9013671875,29.0576171875,119,29755,0
document_282,834.53515625,6.0546875,263,6187,4
document_420,5325.2919921875,11.5390625,349,11816,6
document_612,6281.802734375,67.837890625,1286,69448,13
document_276,629.3486328125,5.5673828125,202,5688,3
document_1163,1250.7216796875,35.53125,236,36384,2
document_847,486.7734375,9.88671875,237,10124,4
document_249,1890.8662109375,18.642578125,524,19090,1
document_416,944.623046875,31.40625,807,32160,8
document_1155,339.6142578125,5.5087890625,136,5641,1
document_429,295.55078125,8.5712890625,185,8776,1
document_871,27.66015625,1.0244140625,11,1049,0
document_849,486.7734375,9.9140625,247,10152,4
document_247,605.7509765625,6.40234375,217,6543,4
document_278,599.83984375,6.0068359375,187,6138,2
document_882,27.546875,3.2783203125,110,3357,0
document_854,800.3369140625,4.185546875,173,4282,4
document_265,657.0498046875,16.330078125,183,16709,1
document_433,913.5888671875,9.9833984375,244,10196,3
document_601,351.451171875,52.6728515625,213,53937,0
document_291,718.490234375,8.1474609375,233,8330,4
document_853,1129.8828125,6.8115234375,169,6971,2
document_639,41.572265625,1.68359375,31,1724,0
document_898,28.013671875,3.0,100,3072,0
document_1148,1282.396484375,5.88671875,193,6028,2
document_296,716.2744140625,5.314453125,181,5429,3
document_434,1002.162109375,70.126953125,360,71809,3
document_262,829.0703125,6.8359375,288,6987,4
document_1141,1756.5498046875,5.7041015625,149,5841,0
document_254,645.8291015625,5.189453125,191,5301,3
document_630,350.9990234375,49.1806640625,255,50361,1
document_402,502.4130859375,21.28515625,507,21796,6
document_862,10610.9306640625,37.9990234375,357,38911,5
document_608,1238.73046875,7.1962890625,187,7364,1
document_896,27.4091796875,32.9990234375,60,33791,0
document_298,714.236328125,5.787109375,262,5914,4
document_405,12.9599609375,0.6328125,36,648,0
document_637,41.572265625,1.689453125,31,1730,0
document_809,103.125,8.7470703125,220,8918,3
document_207,806.8779296875,1.9287109375,62,1975,2
document_697,12366.5361328125,50.45703125,193,51668,0
document_238,598.40625,6.12109375,230,6261,3
document_1112,5977.845703125,38.380859375,299,39299,1
document_690,20.3369140625,10.38671875,114,10636,0
document_456,264.0830078125,14.8046875,77,15160,0
document_469,500.3115234375,8.310546875,293,8497,4
document_831,802.1298828125,6.8544921875,229,7014,4
document_494,116.1923828125,4.109375,149,4206,3
document_652,171.5537109375,1.73046875,36,1772,0
document_236,580.734375,4.41796875,191,4524,3
document_838,232.5498046875,7.5947265625,181,7773,4
document_699,363.5380859375,1.87890625,52,1924,1
document_807,107.0234375,7.298828125,192,7461,3
document_209,142.4619140625,77.7412109375,531,79607,1
document_655,171.5537109375,1.7275390625,36,1769,0
document_467,499.4208984375,8.357421875,334,8545,4
document_493,116.1923828125,4.0830078125,145,4177,3
document_458,357.4765625,4.4091796875,144,4515,1
document_1124,249.87890625,1.5234375,76,1560,0
document_1147,38.826171875,7.9033203125,142,8093,1
document_299,1890.8662109375,18.2939453125,533,18733,1
document_863,27.4970703125,0.8125,11,832,0
document_609,9903.9111328125,118.8818359375,3651,121697,22
document_255,771.712890625,5.859375,228,6000,5
document_403,12.9609375,0.65234375,36,668,0
document_631,754.5341796875,46.7919921875,237,47914,1
document_852,1129.8828125,6.8798828125,179,7040,2
document_638,1685.86328125,11.265625,264,11527,7
document_435,913.5888671875,10.5390625,229,10765,3
document_607,1147.1591796875,8.6474609375,245,8848,2
document_263,608.2919921875,5.5595703125,197,5680,4
document_1149,1282.396484375,5.94140625,190,6084,2
document_297,726.9580078125,7.4404296875,214,7606,6
document_899,27.6806640625,2.9814453125,67,3053,0
document_855,800.3369140625,6.599609375,228,6753,4
document_264,626.3857421875,31.6015625,204,32360,4
document_600,966.439453125,16.373046875,315,16762,2
document_432,368.845703125,32.0634765625,229,32833,1
document_230,749.28515625,6.9794921875,117,7147,8
document_466,379.625,39.3994140625,197,40341,1
document_654,171.5537109375,1.7734375,37,1816,0
document_459,793.427734375,28.2021484375,213,28879,3
document_653,171.5537109375,1.7734375,37,1816,0
document_461,8822.119140625,24.822265625,158,25418,1
document_839,232.5498046875,7.4384765625,181,7613,4
document_208,142.4619140625,77.720703125,530,79586,1
document_806,112.4775390625,8.1201171875,200,8275,2
document_698,388.892578125,2.49609375,41,2556,0
document_1122,626.7958984375,6.7578125,218,6920,0
document_201,78.5224609375,6.90625,131,7070,0
document_665,492.857421875,7.056640625,212,7213,4
document_457,265.884765625,34.7080078125,165,35541,0
document_691,20.3369140625,10.38671875,114,10636,0
document_830,802.1298828125,6.2841796875,209,6430,2
document_1114,852.05078125,23.232421875,147,23788,0
document_696,670.5419921875,2.2724609375,99,2321,1
document_206,806.8779296875,2.02734375,62,2076,2
document_808,107.15234375,8.2080078125,290,8405,3
document_1113,4107.6044921875,4.3017578125,120,4405,1
document_837,1130.154296875,6.599609375,206,6753,2
document_1095,513.705078125,6.861328125,182,7023,4
document_374,2671.048828125,9.55859375,161,9788,1
document_522,416.14453125,54.00390625,549,55300,1
document_710,426.2001953125,3.4521484375,73,3535,1
document_20,4613.6279296875,20.3740234375,105,20863,0
document_380,99.28515625,11.2294921875,149,11499,1
document_1066,276.9287109375,6.9658203125,204,7122,6
document_1092,541.908203125,9.4228515625,248,9646,7
document_942,1271.4404296875,8.1669921875,171,8340,2
document_728,2248.2392578125,38.1494140625,211,39065,5
document_989,2632.5361328125,28.2890625,174,28968,1
document_387,2666.5107421875,21.431640625,921,21946,4
document_27,908.2294921875,10.70703125,273,10964,3
document_525,120.6806640625,28.9296875,180,29624,0
document_141,487.587890625,74.4755859375,372,76262,0
document_1050,557.8037109375,5.6630859375,179,5799,5
document_980,1426.8525390625,7.58984375,189,7763,5
document_974,6282.5654296875,11.0458984375,256,11311,11
document_183,9222.5107421875,54.9794921875,1031,56299,8
document_177,844.810546875,15.0908203125,453,15453,2
document_345,219.8134765625,6.5849609375,210,6740,1
document_721,1673.0322265625,10.5263671875,271,10775,9
document_973,6265.01953125,11.3046875,215,11574,9
document_719,5268.9912109375,348.0576171875,9610,356258,100
document_29,307.9384765625,8.033203125,170,8226,4
document_987,287.3525390625,27.841796875,91,28510,0
document_1057,626.7958984375,6.5712890625,212,6729,0
document_389,370.513671875,17.880859375,230,18309,0
document_514,5233.1083984375,129.296875,3646,132276,55
document_726,1416.95703125,9.1787109375,185,9399,1
document_170,70.525390625,3.4326171875,131,3498,0
document_1068,276.9287109375,6.998046875,206,7155,6
document_184,9222.5107421875,54.6201171875,1007,55931,8
document_16,8506.8095703125,28.7177734375,317,29407,12
document_772,6097.7021484375,330.4541015625,5353,338308,27
document_540,118.1435546875,11.79296875,231,12066,3
document_124,1417.8427734375,57.1025390625,698,58473,3
document_918,157.5888671875,3.9736328125,79,4069,2
document_786,6097.7021484375,382.0986328125,5348,391192,26
document_42,342.640625,22.05078125,407,22579,8
document_329,84.0390625,14.3994140625,155,14745,0
document_927,1326.00390625,9.2333984375,177,9436,1
document_89,525.53515625,4.759765625,188,4873,1
document_1003,1330.8974609375,13.6865234375,302,14011,8
document_781,6097.7021484375,360.9580078125,5356,369544,26
document_311,745.013671875,4.5126953125,144,4618,2
document_123,1417.8427734375,12.1025390625,192,12393,3
document_547,539.7890625,36.2939453125,218,37163,2
document_775,6097.7021484375,394.0732421875,5256,403454,26
document_1004,312.443359375,9.357421875,154,9576,0
document_578,2931.41796875,41.6787109375,607,42419,1
document_585,3151.7939453125,14.9853515625,110,15331,1
document_73,416.14453125,54.1728515625,550,55473,1
document_571,324.8994140625,16.6748046875,88,17075,0
document_743,1663.033203125,15.23828125,347,15604,6
document_327,222.4384765625,7.5859375,119,7768,1
document_788,565.404296875,5.990234375,155,6133,3
document_1032,606.5556640625,5.4111328125,196,5540,1
document_916,157.5888671875,4.0419921875,79,4139,2
document_318,801.623046875,8.4384765625,254,8629,4
document_112,96.8740234375,35.380859375,203,36230,0
document_320,781.0830078125,7.4248046875,208,7599,5
document_80,197.65625,5.8798828125,195,6019,1
document_744,270.263671875,3.4619140625,107,3543,2
document_576,2931.41796875,41.6591796875,607,42399,1
document_74,416.14453125,54.009765625,549,55306,1
document_582,2931.41796875,41.6162109375,606,42355,1
document_911,2754.2705078125,23.98046875,168,24554,3
document_28,248.830078125,8.26171875,114,8460,0
document_1056,7828.3857421875,40.3984375,223,41367,3
document_388,36.6064453125,4.978515625,103,5098,0
document_986,41.044921875,5.4033203125,142,5533,1
document_972,6264.734375,11.6337890625,252,11913,9
document_718,550.8037109375,47.732421875,204,48876,2
document_185,9222.5107421875,54.701171875,968,56012,7
document_1069,717.583984375,5.4365234375,166,5557,3
document_17,48.5634765625,2.6103515625,74,2673,0
document_515,3891.32421875,99.5361328125,2537,101833,37
document_343,1151.0,53.82421875,265,55114,3
document_975,6265.01953125,10.888671875,208,11148,9
document_981,106.7919921875,0.9365234375,30,959,0
document_1051,626.7958984375,6.7578125,218,6920,0
document_344,233.833984375,9.4794921875,275,9704,2
document_176,2098.7578125,115.7685546875,2420,118518,38
document_512,1594.828125,45.0986328125,1338,46145,16
document_720,106.8017578125,0.9599609375,30,983,0
document_182,9222.5107421875,72.0185546875,974,73745,7
document_1093,513.662109375,7.74609375,208,7931,4
document_729,1431.529296875,26.642578125,158,27282,1
document_19,152.0166015625,5.921875,166,6064,0
document_524,7241.9462890625,6.662109375,189,6820,2
document_716,819.650390625,2.94921875,95,3014,4
document_140,1713.51953125,19.7451171875,423,20219,1
document_1058,1327.1044921875,36.869140625,238,37754,3
document_386,425.8173828125,39.603515625,169,40554,1
document_988,487.55859375,7.6123046875,290,7786,2
document_26,2915.4443359375,31.0810546875,213,31825,3
document_1060,1752.89453125,6.4375,248,6586,1
document_1094,513.33984375,7.162109375,174,7330,5
document_178,16563.638671875,117.9111328125,2444,120735,28
document_381,99.0048828125,9.25,151,9472,2
document_147,93.2978515625,32.7392578125,220,33525,0
document_375,118.7177734375,3.26171875,101,3340,1
document_711,421.7666015625,1.703125,44,1744,1
document_523,416.14453125,54.166015625,552,55466,1
document_583,3151.7939453125,14.5947265625,101,14931,1
document_75,416.14453125,53.97265625,550,55268,1
document_321,548.1416015625,5.1689453125,148,5293,3
document_113,1417.8427734375,6.1796875,197,6328,3
document_577,3151.7939453125,14.591796875,100,14928,1
document_745,270.263671875,3.4599609375,108,3541,2
document_1034,3550.9345703125,50.3828125,996,51580,19
document_548,358.7255859375,35.357421875,177,36204,1
document_910,8962.04296875,69.1650390625,2324,70823,7
document_86,203.6474609375,4.6748046875,153,4786,1
document_742,1663.033203125,15.0439453125,337,15405,6
document_114,109.8779296875,35.671875,196,36528,1
document_326,149.2080078125,20.0986328125,118,20581,1
document_72,1588.0390625,27.1533203125,267,27788,1
document_319,760.8818359375,23.9912109375,215,24554,3
document_917,638.2001953125,40.048828125,237,41010,2
document_789,588.8544921875,4.935546875,151,5054,1
document_1033,6934.951171875,57.619140625,306,59002,5
document_122,1417.8427734375,12.4453125,486,12744,3
document_310,732.5166015625,5.7626953125,155,5900,1
document_546,210.3232421875,5.80859375,192,5946,1
document_780,6097.7021484375,379.7705078125,5331,388808,27
document_44,534.7236328125,52.6884765625,419,53953,7
document_579,3151.7939453125,14.591796875,100,14928,1
document_921,747.736328125,43.9287109375,235,44982,1
document_787,322.23828125,47.513671875,196,48654,0
document_43,534.7236328125,52.3466796875,405,53603,7
document_541,384.6728515625,55.7705078125,215,57109,0
document_773,6097.7021484375,333.6396484375,5240,341570,26
document_317,833.8173828125,6.7568359375,270,6906,4
document_919,638.2001953125,40.041015625,237,41002,2
document_125,1417.8427734375,57.712890625,123,59098,3
document_328,271.6015625,51.697265625,187,52938,0
document_353,240.3447265625,10.1357421875,304,10376,2
document_161,13426.4951171875,37.263671875,1064,38067,5
document_505,5452.8193359375,143.1806640625,3602,146501,51
document_737,664.5,5.3037109375,135,5423,3
document_1079,137.5927734375,11.2958984375,284,11563,6
document_195,7517.134765625,40.9091796875,140,41891,1
document_708,899.57421875,9.107421875,789,9326,1
document_962,745.708984375,1.6982421875,64,1738,2
document_996,413.6396484375,5.951171875,198,6094,0
document_1046,385.4560546875,14.126953125,599,14466,12
document_398,52.021484375,4.4697265625,102,4577,1
document_38,130.3349609375,32.1181640625,196,32889,0
document_192,89.1318359375,17.921875,357,18352,0
document_730,478.8828125,8.2822265625,267,8481,1
document_502,2460.6669921875,61.1630859375,1646,62572,22
document_354,1381.5869140625,19.73828125,618,20207,5
document_991,2266.9091796875,28.2265625,181,28904,1
document_159,68.3662109375,44.9267578125,213,46004,0
document_965,558.3525390625,37.892578125,321,38800,0
document_36,570.62890625,47.046875,231,48176,0
document_998,438.8271484375,9.572265625,138,9802,2
document_1048,626.7958984375,34.03515625,219,34852,0
document_396,478.853515625,28.6484375,243,29336,2
document_150,35.568359375,3.658203125,115,3746,1
document_362,2670.7978515625,9.5732421875,180,9803,2
document_706,1071.8935546875,1.451171875,45,1486,1
document_739,664.5,5.107421875,132,5222,3
document_953,450.3037109375,86.3974609375,149,88470,1
document_533,5807.61328125,39.9814453125,1035,40907,14
document_701,1444.763671875,11.7451171875,475,12027,5
document_365,2672.4697265625,10.6728515625,185,10929,1
document_157,4324.34765625,37.099609375,261,37989,6
document_168,250.4287109375,7.8623046875,151,8049,3
document_954,311.544921875,10.4443359375,242,10693,2
document_1084,71.095703125,39.76953125,212,40723,0
document_1070,276.7529296875,8.0966796875,239,8280,8
document_900,27.2734375,3.341796875,85,3422,2
document_558,1526.42578125,91.279296875,1750,93469,11
document_1024,112.7900390625,8.7412109375,250,8932,1
document_755,1405.8798828125,45.490234375,364,46582,3
document_91,179.2099609375,10.1572265625,153,10401,0
document_103,231.115234375,6.75390625,172,6914,0
document_331,289.96484375,11.4375,382,11711,8
document_65,303.0751953125,9.548828125,280,9775,1
document_593,498.5283203125,3.6337890625,87,3721,2
document_1023,105.736328125,11.2392578125,314,11503,2
document_799,226.634765625,30.138671875,147,30862,0
document_907,127.40625,2.0888671875,54,2139,1
document_309,586.44140625,4.783203125,166,4885,2
document_594,458.8955078125,3.259765625,97,3338,1
document_62,3706.6025390625,40.6640625,236,41640,1
document_336,404.125,19.7734375,183,20246,2
document_8,4719.2373046875,32.599609375,389,33382,1
document_104,87.462890625,6.7138671875,75,6875,0
document_560,608.6728515625,10.2490234375,252,10495,3
document_752,512.8623046875,38.7431640625,332,39670,1
document_96,527.30078125,3.224609375,135,3302,1
document_1015,8661.072265625,37.9990234375,230,38910,4
document_931,10630.50390625,88.505859375,1670,90508,15
document_54,702.0771484375,9.724609375,110,9958,2
document_790,385.296875,4.3310546875,165,4432,3
document_556,3631.81640625,7.4609375,175,7640,3
document_764,1057.185546875,57.5703125,337,58952,3
document_300,759.08203125,6.8369140625,243,6997,4
document_98,527.232421875,2.962890625,132,3033,1
document_338,404.125,19.7607421875,180,20233,2
document_6,4719.2373046875,32.4111328125,390,33189,1
document_936,316.3095703125,1.9306640625,66,1977,2
document_1012,1233.359375,10.640625,265,10893,7
document_909,90.671875,2.876953125,96,2946,1
document_307,654.7763671875,19.337890625,171,19801,2
document_551,149.349609375,19.6943359375,100,20167,0
document_53,710.162109375,31.0869140625,118,31832,0
document_797,1057.943359375,43.6220703125,263,44668,0
document_390,36.6064453125,4.978515625,103,5098,0
document_30,1546.982421875,114.6826171875,3134,117377,35
document_700,585.4990234375,2.619140625,91,2669,2
document_532,5807.61328125,41.109375,1147,42040,16
document_156,4036.21484375,45.921875,5032,47018,16
document_364,2670.98828125,9.400390625,162,9626,1
document_1071,163.3544921875,3.134765625,112,3210,0
document_1085,881.5537109375,39.7939453125,214,40748,2
document_363,8363.509765625,44.16015625,316,45219,5
document_151,275.2509765625,12.46875,239,12756,2
document_707,226.7216796875,36.0595703125,175,36925,1
document_37,320.97265625,19.7158203125,363,20188,9
document_1049,561.271484375,5.3046875,204,5432,5
document_999,368.619140625,6.1552734375,169,6303,2
document_738,1304.9736328125,65.4013671875,911,66963,5
document_952,311.544921875,10.8154296875,231,11075,2
document_1082,244.701171875,7.4658203125,110,7645,1
document_1076,14252.09375,59.048828125,561,60465,17
document_731,580.4560546875,20.25390625,228,20737,4
document_355,548.66796875,7.7939453125,255,7978,2
document_167,2410.0771484375,15.39453125,361,15725,1
document_193,7517.134765625,40.646484375,131,41622,0
document_158,3674.09375,23.24609375,620,23802,12
document_990,553.3974609375,31.6943359375,1180,32415,8
document_194,89.1318359375,17.921875,357,18352,0
document_160,104.69140625,1.5830078125,62,1621,1
document_352,242.20703125,10.548828125,331,10799,2
document_736,1304.9736328125,64.490234375,914,66034,5
document_997,1462.0927734375,36.1796875,1128,37048,11
document_39,342.5771484375,20.869140625,375,21368,8
document_709,4239.85546875,33.4208984375,153,34223,0
document_963,47.87109375,3.0205078125,96,3093,1
document_1013,1777.7919921875,13.9853515625,354,14314,10
document_99,527.3310546875,3.1240234375,143,3195,1
document_7,4719.2373046875,32.44140625,378,33220,1
document_937,1253.529296875,8.046875,144,8222,1
document_52,3720.703125,9.609375,276,9840,4
document_796,520.30859375,11.5126953125,361,11787,9
document_306,623.6201171875,6.140625,197,6275,3
document_134,1417.8427734375,52.251953125,144,53506,3
document_908,593.1748046875,32.2041015625,156,32975,0
document_550,244.4130859375,7.234375,103,7408,0
document_762,264.5263671875,32.51953125,141,33299,0
document_0,7376.287109375,66.388671875,411,67980,2
document_930,10630.50390625,87.4072265625,1694,89388,16
document_568,90.3232421875,6.72265625,200,6878,1
document_765,6097.7021484375,354.078125,5303,362499,26
document_557,650.0576171875,19.359375,190,19824,3
document_133,1417.8427734375,52.0361328125,139,53285,3
document_301,768.6884765625,41.4404296875,235,42422,4
document_55,291.904296875,14.705078125,150,15058,1
document_791,3671.58203125,38.873046875,265,39806,1
document_308,562.1396484375,4.857421875,162,4961,3
document_906,191.26171875,10.994140625,72,11258,0
document_1022,93.2216796875,11.01171875,290,11270,3
document_798,5054.4853515625,6.0361328125,213,6168,3
document_9,4719.2373046875,32.4208984375,382,33199,1
document_105,89.3857421875,7.36328125,105,7540,0
document_939,314.5927734375,2.2236328125,62,2277,1
document_337,292.146484375,1.5693359375,51,1607,5
document_753,512.8623046875,38.6943359375,332,39620,1
document_97,527.2353515625,3.376953125,147,3458,1
document_595,437.853515625,2.689453125,96,2754,0
document_1025,105.736328125,11.01953125,315,11278,2
document_559,4520.9111328125,47.5146484375,108,48651,8
document_90,1695.98046875,14.5966796875,245,14947,0
document_330,9491.08203125,36.029296875,240,36878,4
document_102,836.78125,52.154296875,300,53406,1
document_242,750.1142578125,6.6494140625,268,6807,4
document_414,372.248046875,5.8798828125,189,6021,3
document_626,126.3701171875,8.1162109375,204,8311,1
document_1168,279.009765625,28.853515625,117,29546,0
document_873,27.0,2.8837890625,109,2953,0
document_1157,1840.50390625,5.4755859375,156,5607,0
document_413,408.0458984375,7.275390625,103,7448,0
document_245,630.7490234375,5.4375,175,5555,3
document_1159,1288.138671875,5.2275390625,154,5353,0
document_287,747.0888671875,7.3037109375,223,7464,4
document_273,1890.8662109375,18.201171875,600,18638,1
document_617,3772.134765625,11.5087890625,333,11735,5
document_425,360.2109375,18.984375,527,19440,13
document_628,707.9482421875,46.7998046875,364,47923,4
document_842,560.88671875,7.75,243,7931,3
document_422,186.3017578125,23.8857421875,150,24459,1
document_610,1246.2587890625,10.0927734375,253,10332,1
document_274,761.2353515625,6.326171875,228,6476,3
document_280,1890.8662109375,18.1875,556,18624,1
document_845,560.88671875,7.6640625,244,7843,3
document_811,118.73046875,9.7158203125,225,9949,2
document_1135,1468.423828125,5.423828125,156,5554,0
document_644,1729.2763671875,11.158203125,253,11422,7
document_220,155.740234375,9.3916015625,70,9617,1
document_482,499.2900390625,8.0693359375,312,8236,4
document_1132,1406.068359375,6.5048828125,202,6661,2
document_688,710.6513671875,9.38671875,253,9609,1
document_816,383.171875,7.8525390625,156,8039,3
document_218,155.740234375,9.22265625,64,9444,1
document_485,499.0703125,8.6787109375,385,8874,3
document_471,498.958984375,8.681640625,305,8864,5
document_1104,542.4873046875,9.228515625,267,9447,5
document_820,520.30859375,31.607421875,410,32366,9
document_478,499.2353515625,8.6806640625,289,8876,5
document_681,493.2919921875,6.8818359375,211,7033,3
document_447,952.1630859375,62.2080078125,307,63701,2
document_675,493.3515625,6.35546875,221,6494,4
document_211,143.9560546875,53.7939453125,389,55085,2
document_827,345.69921875,28.0361328125,122,28708,1
document_672,493.6240234375,6.080078125,246,6213,3
document_440,862.9736328125,9.6376953125,185,9869,2
document_686,134.115234375,34.8134765625,217,35649,2
document_281,635.205078125,4.982421875,168,5089,3
document_611,1173.4970703125,8.0419921875,243,8232,1
document_423,134.029296875,10.0576171875,248,10299,1
document_275,769.587890625,5.998046875,208,6142,3
document_844,560.88671875,7.7392578125,238,7920,3
document_272,1890.8662109375,18.087890625,532,18522,1
document_424,618.625,14.1103515625,92,14449,0
document_616,1076.5908203125,5.416015625,114,5546,3
document_1158,1288.138671875,6.666015625,193,6826,1
document_286,531.9951171875,21.525390625,134,22042,3
document_888,27.365234375,2.8154296875,77,2883,0
document_629,350.9990234375,48.6572265625,255,49825,1
document_843,560.88671875,8.0166015625,244,8204,3
document_1167,1589.24609375,35.4267578125,1586,36265,7
document_620,9020.6826171875,74.4833984375,667,76252,2
document_244,765.29296875,6.666015625,229,6813,4
document_875,27.6650390625,3.2158203125,109,3293,0
document_627,138.0556640625,2.6865234375,56,2751,0
document_415,249.1708984375,4.615234375,138,4726,2
document_288,673.2509765625,5.521484375,195,5654,2
document_886,27.45703125,3.5166015625,143,3601,0
document_1102,515.5146484375,7.5751953125,189,7754,5
document_826,1129.94921875,7.173828125,171,7338,3
document_217,142.4619140625,69.552734375,482,71222,1
document_819,6610.6376953125,33.4296875,142,34226,1
document_673,493.3701171875,4.923828125,179,5028,2
document_821,345.69921875,28.1552734375,137,28830,1
document_479,499.47265625,7.60546875,265,7774,4
document_1105,515.6162109375,7.9873046875,196,8175,5
document_210,143.9560546875,58.5263671875,424,59931,2
document_680,493.8662109375,5.3056640625,196,5419,2
document_219,155.740234375,9.3603515625,66,9585,1
document_817,70.525390625,3.552734375,139,3620,0
document_1133,1406.068359375,6.908203125,232,7074,2
document_828,1129.94921875,7.0986328125,173,7265,3
document_226,520.404296875,35.078125,132,35920,0
document_642,1685.86328125,11.1123046875,258,11372,7
document_470,499.9462890625,7.8505859375,280,8026,4
document_484,501.1962890625,8.6416015625,282,8836,4
document_1134,1468.423828125,5.3798828125,152,5509,0
document_448,952.1630859375,62.23046875,298,63724,2
document_477,481.8369140625,10.876953125,336,11138,2
document_645,332.798828125,41.7705078125,158,42771,0
document_221,155.740234375,9.22265625,64,9444,1
document_693,20.3369140625,10.38671875,114,10636,0
document_203,806.8779296875,2.060546875,74,2110,2
document_667,493.498046875,6.7041015625,211,6851,2
document_455,2528.4951171875,39.21484375,195,40156,5
document_1116,1687.73828125,22.9912109375,176,23541,4
document_658,752.900390625,24.0810546875,151,24659,0
document_832,802.1298828125,6.6484375,215,6799,4
document_660,2296.359375,27.1123046875,156,27762,0
document_204,806.8779296875,2.1220703125,70,2173,2
document_694,20.3369140625,10.38671875,114,10636,0
document_835,1130.154296875,7.3486328125,222,7520,3
document_499,404.57421875,42.662109375,207,43686,4
document_1111,5977.845703125,38.064453125,299,38975,1
document_232,749.28515625,7.10546875,108,7276,8
document_464,9579.904296875,35.18359375,259,36028,3
document_656,332.798828125,41.7705078125,158,42771,0
document_1118,3368.26171875,31.388671875,695,32142,5
document_669,492.8984375,6.91796875,271,7071,3
document_803,111.07421875,9.5107421875,279,9726,2
document_1127,2223.4755859375,59.228515625,355,60646,5
document_497,404.57421875,42.556640625,220,43578,4
document_651,171.5537109375,1.7734375,37,1816,0
document_463,243.3408203125,24.2021484375,136,24783,0
document_235,623.826171875,4.548828125,169,4645,2
document_1120,200.7470703125,7.53125,180,7712,2
document_804,102.494140625,8.9208984375,225,9109,3
document_850,1129.8828125,6.8173828125,179,6977,2
document_408,348.8046875,8.486328125,85,8690,0
document_295,592.6171875,4.8759765625,128,4977,2
document_437,646.5693359375,6.8857421875,139,7051,2
document_605,1315.3046875,12.1494140625,327,12434,4
document_857,345.615234375,29.623046875,127,30331,0
document_266,600.3525390625,5.1689453125,186,5276,3
document_602,966.439453125,16.287109375,275,16674,2
document_430,206.6279296875,38.953125,260,39888,0
document_292,771.9208984375,6.7177734375,221,6866,4
document_861,27.5966796875,31.1376953125,13,31885,0
document_439,880.2265625,9.1083984375,207,9327,2
document_1145,401.0322265625,9.1923828125,183,9413,2
document_634,1685.86328125,11.0185546875,253,11279,7
document_406,12.9599609375,0.6328125,36,648,0
document_250,625.1328125,5.6015625,197,5722,4
document_892,27.4794921875,29.4033203125,11,30109,0
document_1142,1401.5849609375,45.8115234375,192,46911,0
document_866,27.7509765625,0.9091796875,13,931,0
document_268,735.208984375,5.9658203125,195,6096,4
document_257,746.65625,6.1630859375,191,6298,2
document_859,345.615234375,29.4912109375,120,30198,0
document_401,5652.5771484375,35.8115234375,237,36668,5
document_633,41.572265625,1.693359375,31,1734,0
document_805,106.3466796875,5.63671875,159,5772,1
document_1121,347.1875,42.197265625,158,43208,1
document_1119,344.5439453125,40.7919921875,154,41769,1
document_233,1890.8662109375,18.564453125,573,19010,1
document_657,3145.419921875,6.951171875,197,7118,2
document_1126,626.7958984375,34.03515625,219,34852,0
document_661,293.5087890625,27.009765625,156,27657,0
document_453,335.6962890625,8.7587890625,163,8968,3
document_205,806.8779296875,2.3955078125,72,2453,2
document_498,38.0166015625,0.373046875,16,381,0
document_834,1130.154296875,7.1708984375,212,7338,3
document_202,148.6513671875,19.501953125,109,19969,1
document_666,493.1982421875,5.5068359375,231,5626,2
document_692,20.3369140625,10.38671875,114,10636,0
document_1128,1398.5341796875,6.515625,188,6672,2
document_659,9760.78125,34.2587890625,895,34996,12
document_1117,681.7021484375,32.2216796875,151,32995,3
document_867,27.6806640625,0.7578125,16,776,0
document_858,345.615234375,29.478515625,124,30183,0
document_256,740.548828125,6.982421875,216,7150,4
document_632,1729.2763671875,11.2373046875,271,11487,7
document_400,86.59765625,5.2412109375,130,5367,2
document_438,913.5888671875,10.470703125,211,10706,3
document_407,348.8046875,8.486328125,85,8690,0
document_635,41.572265625,1.693359375,31,1734,0
document_251,732.5166015625,5.7392578125,153,5876,1
document_258,712.728515625,5.4306640625,208,5548,3
document_293,765.1396484375,6.412109375,249,6553,3
document_431,1751.4794921875,57.27734375,268,58652,7
document_603,138.8955078125,33.6572265625,130,34430,0
document_851,1129.8828125,6.880859375,181,7041,2
document_409,348.8046875,8.486328125,85,8690,0
document_436,913.5888671875,10.005859375,251,10215,3
document_260,604.728515625,5.0869140625,180,5196,2
document_294,1890.8662109375,17.6396484375,575,18063,1
document_782,6097.7021484375,354.33984375,5289,362767,27
document_1038,97.0302734375,3.1884765625,135,3265,0
document_120,105.2255859375,35.611328125,196,36466,1
document_312,409.2607421875,6.9912109375,125,7159,2
document_544,603.7119140625,31.8056640625,736,32569,8
document_1007,1793.615234375,11.2939453125,229,11561,4
document_79,2737.5517578125,363.419921875,1708,372142,0
document_749,224.2939453125,1.78515625,49,1828,1
document_923,374.3271484375,38.234375,161,39109,0
document_543,77.9619140625,36.51953125,217,37396,0
document_315,824.8466796875,6.4580078125,262,6613,1
document_127,1417.8427734375,52.767578125,180,54034,3
document_785,6097.7021484375,350.1015625,5292,358427,27
document_41,667.73828125,44.998046875,666,46038,16
document_118,105.2255859375,35.662109375,200,36518,1
document_924,530.1904296875,3.380859375,100,3462,2
document_588,720.33203125,30.8974609375,115,31639,2
document_1000,880.6044921875,59.2626953125,369,60685,2
document_323,542.89453125,4.1875,139,4288,2
document_111,1417.8427734375,57.9365234375,151,59327,3
document_83,2058.7314453125,122.8193359375,2685,125757,26
document_747,347.119140625,2.7998046875,93,2867,2
document_778,6097.7021484375,360.849609375,5370,369433,27
document_1036,1768.0947265625,9.6708984375,263,9903,0
document_70,304.1845703125,10.3671875,288,10613,3
document_586,635.86328125,15.7841796875,111,16154,0
document_324,428.447265625,33.9541015625,208,34769,0
document_1031,519.755859375,21.8310546875,157,22355,0
document_129,1417.8427734375,51.728515625,122,52970,3
document_915,197.4365234375,4.8447265625,99,4961,0
document_189,607.8203125,3.01953125,100,3092,2
document_1065,96.4931640625,18.8359375,136,19288,0
document_941,10630.50390625,88.802734375,1668,90811,15
document_384,617.779296875,28.9033203125,169,29597,0
document_24,290.50390625,35.955078125,270,36818,1
document_526,70.9013671875,3.7158203125,99,3803,0
document_714,2584.4208984375,46.4775390625,265,47593,2
document_370,853.9482421875,3.6572265625,93,3745,1
document_142,741.8955078125,9.2626953125,185,9485,2
document_1096,541.794921875,9.0908203125,250,9306,7
document_348,239.2578125,11.005859375,314,11267,2
document_946,1240.9208984375,9.8984375,186,10113,5
document_713,2361.5,16.3212890625,378,16683,4
document_521,416.14453125,54.0419921875,550,55339,1
document_23,14038.2373046875,93.5703125,425,95760,4
document_383,541.0185546875,20.4267578125,482,20912,4
document_528,5807.61328125,42.919921875,1239,43830,16
document_984,66.349609375,4.5234375,183,4630,0
document_517,556.65625,35.76953125,187,36628,0
document_341,508.296875,3.744140625,141,3834,3
document_187,10806.0654296875,72.2392578125,662,73939,0
document_15,8506.8095703125,34.306640625,284,35130,12
document_983,546.98828125,59.646484375,408,61078,0
document_1053,707.6181640625,8.7783203125,220,8981,2
document_977,6268.146484375,11.236328125,229,11506,9
document_379,9633.5478515625,59.541015625,386,60970,1
document_180,1018.9521484375,34.55859375,205,35388,3
document_1098,155.0166015625,8.818359375,237,9027,5
document_346,229.0908203125,7.7705078125,273,7954,1
document_174,56.234375,3.6953125,54,3784,0
document_722,1673.0322265625,9.6181640625,238,9844,9
document_573,284.4091796875,33.1953125,156,33991,0
document_85,353.8505859375,9.7900390625,250,10022,2
document_741,597.431640625,5.240234375,159,5360,3
document_325,428.447265625,33.9541015625,208,34769,0
document_117,1417.8427734375,51.5244140625,115,52761,3
document_587,483.4755859375,4.150390625,128,4250,1
document_71,330.994140625,39.8427734375,346,40794,3
document_128,1417.8427734375,6.7421875,194,6904,3
document_1030,90.3232421875,6.7255859375,190,6881,1
document_76,567.587890625,5.544921875,186,5677,1
document_580,2931.41796875,41.0751953125,589,41801,0
document_1008,804.9072265625,36.984375,233,37872,1
document_322,1890.8662109375,18.7373046875,579,19187,1
document_82,197.6474609375,6.138671875,171,6284,0
document_574,3190.2060546875,6.318359375,168,6470,2
document_1037,1609.55859375,45.88671875,167,46988,0
document_49,281.4638671875,32.833984375,129,33621,0
document_913,819.390625,12.642578125,333,12939,8
document_784,6097.7021484375,333.6259765625,5290,341556,26
document_40,143.7109375,32.427734375,170,33206,0
document_770,6097.7021484375,318.9921875,5303,326571,27
document_126,1417.8427734375,60.083984375,148,61526,3
document_314,587.2392578125,4.8896484375,169,5004,3
document_1001,1330.8974609375,13.388671875,305,13707,8
document_925,721.193359375,3.40234375,101,3484,2
document_119,1417.8427734375,13.6435546875,221,13971,3
document_313,809.56640625,6.240234375,258,6374,6
document_545,726.5048828125,45.0712890625,297,46153,0
document_1039,444.0703125,10.01171875,221,10252,0
document_1006,804.9072265625,36.9521484375,241,37839,1
document_78,921.6591796875,22.03125,632,22551,6
document_378,2671.048828125,9.4501953125,159,9677,1
document_1052,557.8037109375,5.658203125,195,5794,5
document_982,113.7548828125,8.40625,201,8608,5
document_175,2015.9599609375,55.927734375,3310,57265,23
document_949,450.3037109375,86.349609375,149,88421,1
document_1099,513.6357421875,7.7421875,200,7924,5
document_347,250.0439453125,11.4150390625,299,11680,2
document_723,112.2373046875,27.580078125,201,28242,0
document_511,1156.4814453125,29.689453125,777,30367,10
document_13,8506.8095703125,43.330078125,268,44370,12
document_181,9222.5107421875,54.42578125,989,55732,8
document_985,413.109375,27.90625,99,28576,0
document_1055,557.8037109375,5.4609375,185,5592,5
document_529,230.9921875,23.916015625,130,24490,0
document_186,6312.05078125,0.0,0,0,0
document_516,1161.2578125,31.203125,767,31916,11
document_724,221.2451171875,14.9697265625,323,15326,1
document_340,390.0224609375,2.0947265625,59,2145,2
document_172,70.5107421875,3.177734375,128,3241,0
document_1063,233.0537109375,19.009765625,144,19466,0
document_947,2739.998046875,11.033203125,273,11088,7
document_1097,541.3876953125,9.587890625,248,9815,7
document_349,240.265625,10.47265625,314,10721,2
document_144,241.345703125,36.1337890625,150,37001,0
document_978,287.37890625,27.966796875,88,28638,0
document_520,515.03125,75.97265625,885,77796,2
document_712,1538.4296875,18.5390625,351,18974,7
document_1090,513.57421875,8.03515625,218,8222,5
document_518,515.03125,76.1728515625,885,78001,2
document_188,78.51953125,5.76953125,130,5906,1
document_715,819.650390625,2.3212890625,80,2374,4
document_527,120.3740234375,28.81640625,174,29508,0
document_25,1019.5947265625,3.904296875,127,3998,4
